runId,endpoint,clockDomain,recordType,direction,messageType,outcome,rawMessages,rawBytesUtf8,counterMessages,counterBytesUtf8
C4-23e3008b-e226-4c32-ba70-991b5e9365e1,CLIENT,ea74067b-ebcc-4b03-99f1-6f757aa42cde,BUSINESS_ACK,RX,ACK,ACCEPTED,5,0,5,0
C4-23e3008b-e226-4c32-ba70-991b5e9365e1,CLIENT,ea74067b-ebcc-4b03-99f1-6f757aa42cde,MESSAGE,RX,ACK,RECEIVED,5,1340,5,1340
C4-23e3008b-e226-4c32-ba70-991b5e9365e1,CLIENT,ea74067b-ebcc-4b03-99f1-6f757aa42cde,MESSAGE,RX,MONITOR_PRESENCE,RECEIVED,5,2205,5,2205
C4-23e3008b-e226-4c32-ba70-991b5e9365e1,CLIENT,ea74067b-ebcc-4b03-99f1-6f757aa42cde,MESSAGE,RX,MONITOR_WARNING,RECEIVED,2,906,2,906
C4-23e3008b-e226-4c32-ba70-991b5e9365e1,CLIENT,ea74067b-ebcc-4b03-99f1-6f757aa42cde,MESSAGE,TX,HEARTBEAT,ATTEMPTED,5,1240,5,1240
C4-23e3008b-e226-4c32-ba70-991b5e9365e1,CLIENT,ea74067b-ebcc-4b03-99f1-6f757aa42cde,MESSAGE,TX,HEARTBEAT,WRITE_COMPLETED,5,1240,5,1240
C4-23e3008b-e226-4c32-ba70-991b5e9365e1,CLIENT,76f4b9e7-8ba0-46bc-8d74-6b3227df3aa0,BUSINESS_ACK,RX,ACK,ACCEPTED,9,0,9,0
C4-23e3008b-e226-4c32-ba70-991b5e9365e1,CLIENT,76f4b9e7-8ba0-46bc-8d74-6b3227df3aa0,MESSAGE,RX,ACK,RECEIVED,9,2501,9,2501
C4-23e3008b-e226-4c32-ba70-991b5e9365e1,CLIENT,76f4b9e7-8ba0-46bc-8d74-6b3227df3aa0,MESSAGE,RX,ERROR,RECEIVED,1,325,1,325
C4-23e3008b-e226-4c32-ba70-991b5e9365e1,CLIENT,76f4b9e7-8ba0-46bc-8d74-6b3227df3aa0,MESSAGE,TX,HEARTBEAT,ATTEMPTED,5,1565,5,1565
C4-23e3008b-e226-4c32-ba70-991b5e9365e1,CLIENT,76f4b9e7-8ba0-46bc-8d74-6b3227df3aa0,MESSAGE,TX,HEARTBEAT,WRITE_COMPLETED,5,1565,5,1565
C4-23e3008b-e226-4c32-ba70-991b5e9365e1,CLIENT,76f4b9e7-8ba0-46bc-8d74-6b3227df3aa0,MESSAGE,TX,MONITORING_GAP,ATTEMPTED,1,454,1,454
C4-23e3008b-e226-4c32-ba70-991b5e9365e1,CLIENT,76f4b9e7-8ba0-46bc-8d74-6b3227df3aa0,MESSAGE,TX,MONITORING_GAP,WRITE_COMPLETED,1,454,1,454
C4-23e3008b-e226-4c32-ba70-991b5e9365e1,CLIENT,76f4b9e7-8ba0-46bc-8d74-6b3227df3aa0,MESSAGE,TX,PROCESS_OBSERVED,ATTEMPTED,4,2032,4,2032
C4-23e3008b-e226-4c32-ba70-991b5e9365e1,CLIENT,76f4b9e7-8ba0-46bc-8d74-6b3227df3aa0,MESSAGE,TX,PROCESS_OBSERVED,WRITE_COMPLETED,4,2032,4,2032
C4-23e3008b-e226-4c32-ba70-991b5e9365e1,SERVER,0aa53ff1-6cd0-427c-8d80-0f530620196e,MESSAGE,RX,HEARTBEAT,RECEIVED,10,2805,10,2805
C4-23e3008b-e226-4c32-ba70-991b5e9365e1,SERVER,0aa53ff1-6cd0-427c-8d80-0f530620196e,MESSAGE,RX,MONITORING_GAP,RECEIVED,1,454,1,454
C4-23e3008b-e226-4c32-ba70-991b5e9365e1,SERVER,0aa53ff1-6cd0-427c-8d80-0f530620196e,MESSAGE,RX,PROCESS_OBSERVED,RECEIVED,4,2032,4,2032
C4-23e3008b-e226-4c32-ba70-991b5e9365e1,SERVER,0aa53ff1-6cd0-427c-8d80-0f530620196e,MESSAGE,TX,ACK,ATTEMPTED,14,3841,14,3841
C4-23e3008b-e226-4c32-ba70-991b5e9365e1,SERVER,0aa53ff1-6cd0-427c-8d80-0f530620196e,MESSAGE,TX,ACK,WRITE_COMPLETED,14,3841,14,3841
C4-23e3008b-e226-4c32-ba70-991b5e9365e1,SERVER,0aa53ff1-6cd0-427c-8d80-0f530620196e,MESSAGE,TX,ERROR,ATTEMPTED,1,325,1,325
C4-23e3008b-e226-4c32-ba70-991b5e9365e1,SERVER,0aa53ff1-6cd0-427c-8d80-0f530620196e,MESSAGE,TX,ERROR,WRITE_COMPLETED,1,325,1,325
C4-23e3008b-e226-4c32-ba70-991b5e9365e1,SERVER,0aa53ff1-6cd0-427c-8d80-0f530620196e,MESSAGE,TX,MONITOR_PRESENCE,ATTEMPTED,5,2205,5,2205
C4-23e3008b-e226-4c32-ba70-991b5e9365e1,SERVER,0aa53ff1-6cd0-427c-8d80-0f530620196e,MESSAGE,TX,MONITOR_PRESENCE,WRITE_COMPLETED,5,2205,5,2205
C4-23e3008b-e226-4c32-ba70-991b5e9365e1,SERVER,0aa53ff1-6cd0-427c-8d80-0f530620196e,MESSAGE,TX,MONITOR_WARNING,ATTEMPTED,2,906,2,906
C4-23e3008b-e226-4c32-ba70-991b5e9365e1,SERVER,0aa53ff1-6cd0-427c-8d80-0f530620196e,MESSAGE,TX,MONITOR_WARNING,WRITE_COMPLETED,2,906,2,906
